FG Subset,FR Subset
LA7017,419-603
SF5293,D27-11
MN5266,K-H3824S
MN5440,2714-88
HH25-532-BR-21,22-405MF7
PLR-6116-WALNUT,11-4C-CL
MN5150,849-603
PLR-6708-CLOUD,ESN140-6
CSA-104-2,429-412
MN5502,3280FEDB
AL-SIG04,D25-85
CT4015-PN,D39-12
PLR-7102-EBONY,CS9-301-1
810-603M-I,3482A
SF5013,22-936
SA8307-SH,421-412
MN2500S,D26-31-9
HH20-425-ES,749-704
PLR-9541LAF-LINEN,571-542
PLR-9541RAFC-LINEN,LR261-6
SC1003-2-LP,H460
T4H-623,BB8093
D11-81M-I,D20-14-9
C4H-772,D21-82-S
SF5659,429-207
HH20-607B-AS,579-562
SA8307-LP,K-H3759-10
MN5556,ESN153-11
PLR-1702-NOIR,3396S
HH20-146R-ES,3408S
SF3008A,D29-14-1
T20-605M-I,569-521
HH20-146F-ES,3462A
HH20-146H-ES,HH02-136-LE
MN5680,749-512DL
HH20-315B-GL,BB8043
HH11-512-LV,369-403
SF5683-B,42H-511
SF5683-T,3777B
MPH-623-FP,552-625
FND-2421-BECKHAM-B,LTD7124-6
AEA-203,559-706
MN2502S,589-522
D20-85-D406-B,8686-6
HH90-123F-MANM,3640R
HH90-123H-MANM,635-6
HH20-315T-ES,99-134
HM1277,D26-52-1
MN5011,55E-629
HH20-614-GL,581-522
